{
    "RootType": "saveMetadataContainer",
    "Data": {
        "metadata": {
            "gameDefinition": "",
            "activeQuests": "6B577A51814903CA;E118A84B9942C8C4",
            "trackedQuestEntry": "quests/street_stories/badlands/inland_avenue/sts_bls_ina_03/sts_bls_ina_03/go_to_the_signal_destination",
            "trackedQuest": "LocKey#12448",
            "mainQuest": "LocKey#93496",
            "debugString": "",
            "locationName": "LocKey#51260",
            "playerPosition": {
                "X": 1922.445556640625,
                "Y": -606.2938232421875,
                "Z": 53.371482849121097
            },
            "playTime": 68682.0189009,
            "playthroughTime": 71481.1583162,
            "nextSavableEntityID": 9007974,
            "nextNonSavableEntityID": 10174811,
            "lifePath": "Nomad",
            "bodyGender": "Female",
            "brainGender": "Female",
            "level": 17.0,
            "streetCred": 24.0,
            "gunslinger": 0.0,
            "assault": 1.0,
            "demolition": 1.0,
            "athletics": 1.0,
            "brawling": 1.0,
            "coldBlood": 1.0,
            "stealth": 1.0,
            "engineering": 1.0,
            "crafting": 1.0,
            "hacking": 1.0,
            "combatHacking": 1.0,
            "strength": 7.0,
            "intelligence": 7.0,
            "reflexes": 6.0,
            "technicalAbility": 12.0,
            "cool": 5.0,
            "initialBuildID": "3.0.4984974  P4CL: 6525662  Stream: //R6.Root/R6.Release ",
            "finishedQuests": "q004 q005 q000 q001 q003 sq018 mq012 mq032 ma_bls_ina_se1_08 sts_std_rcr_04 sts_wat_lch_05 sts_hey_gle_04 sts_hey_gle_06 ma_wat_kab_08 ma_wat_kab_02 ma_std_rcr_05 ma_wat_nid_13 ma_wat_nid_03 sts_bls_ina_07 ma_wat_lch_06 sts_wat_nid_05 sts_wat_nid_02 sts_wat_kab_02 sts_wat_kab_07 sts_wbr_hil_07 ma_wbr_jpn_08 ",
            "playthroughID": "657bd7b9ef9a3091",
            "pointOfNoReturnId": "",
            "visitID": "8994e097-f05a-4c8d-8d94-b9471e9fb8bf",
            "buildSKU": "",
            "buildPatch": "2.1",
            "difficulty": "Easy",
            "facts": [
                "player_drunk=0",
                "q003_anthony_won=1",
                "q003_royce_dead=1",
                "sq018_done=1",
                "q000_nomad_background=1"
            ],
            "saveVersion": 261,
            "gameVersion": 2100,
            "timestampString": "15:29:35, 16.12.2023",
            "name": "AutoSave-7",
            "userName": "",
            "buildID": "3.0.4984974  P4CL: 6525662  Stream: //R6.Root/R6.Release ",
            "platform": "pc",
            "censorFlags": "",
            "buildConfiguration": "final",
            "fileSize": 2814496,
            "isForced": false,
            "isCheckpoint": false,
            "initialLoadingScreenID": 183640721353,
            "isStoryMode": false,
            "isPointOfNoReturn": false,
            "isEndGameSave": false,
            "isModded": false,
            "additionalContentIds": [
                "EP1"
            ]
        }
    }
}